,task,dataset,boot_iter,algorithm,scoring,n_trees,regularization,train_score,test_score,train_wall_time,test_wall_time,train_cpu_time,test_cpu_time,tunning_wall_time,tunning_cpu_time
0,classification,heart,0,BART,AUC,10,None,0.8500000000000001,0.745,1.4895515441894531,0.1720900535583496,0.08642802499999958,0.17208102699999994,,
0,classification,heart,0,BART,AUC,25,None,0.87375,0.77,2.0981953144073486,0.4242892265319824,0.10411257800000007,0.424302945,,
0,classification,heart,0,BART,AUC,50,None,0.8725,0.7825,3.6348459720611572,0.8523774147033691,0.13116171599999982,0.8523785710000005,,
0,classification,heart,0,BART,AUC,75,None,0.8850000000000001,0.7725000000000001,4.828197479248047,1.2796428203582764,0.15023958999999998,1.2795040060000007,,
0,classification,heart,0,BART,AUC,100,None,0.87375,0.7825,6.931966543197632,1.707033634185791,0.34795956399999994,1.7068905219999992,,
0,classification,heart,0,BART,AUC,300,None,0.8725,0.7725000000000001,20.18131947517395,5.209059000015259,0.7084266719999999,5.208870439,,
0,classification,heart,0,BART,AUC,500,None,0.89,0.7825,34.74314308166504,8.850332021713257,1.4750244709999993,8.847956253000001,,
0,classification,heart,1,BART,AUC,10,None,0.8762500000000001,0.8274999999999999,0.7044930458068848,0.19190025329589844,0.04041017100000133,0.19140906200000174,,
0,classification,heart,1,BART,AUC,25,None,0.86375,0.8374999999999999,1.671001672744751,0.43199586868286133,0.0325613880000013,0.4319354969999978,,
0,classification,heart,1,BART,AUC,50,None,0.87,0.8475,3.422039031982422,0.8897826671600342,0.33603207999999896,0.8897788710000007,,
0,classification,heart,1,BART,AUC,75,None,0.86375,0.8475,5.027807235717773,1.2950236797332764,0.15681488000000243,1.2950212010000008,,
0,classification,heart,1,BART,AUC,100,None,0.87375,0.8374999999999999,6.629528522491455,1.7880384922027588,0.308829412999998,1.7879811530000005,,
0,classification,heart,1,BART,AUC,300,None,0.86875,0.8374999999999999,20.58415460586548,5.1244916915893555,0.8997485139999988,5.124362207000004,,
0,classification,heart,1,BART,AUC,500,None,0.8800000000000001,0.8475,35.96147418022156,8.633739233016968,1.501813128000002,8.633290025999997,,
0,classification,heart,2,BART,AUC,10,None,0.8437500000000001,0.7875,0.6956150531768799,0.17529821395874023,0.05352886500000409,0.17529887700000302,,
0,classification,heart,2,BART,AUC,25,None,0.8274999999999999,0.8225000000000001,1.7726211547851562,0.5009253025054932,0.03494661199999882,0.5009206049999975,,
0,classification,heart,2,BART,AUC,50,None,0.8562500000000001,0.8200000000000001,3.4819397926330566,0.8822553157806396,0.06465839799999884,0.8822440690000022,,
0,classification,heart,2,BART,AUC,75,None,0.8562500000000001,0.8225000000000001,5.064461708068848,1.2846627235412598,0.276705776,1.284663528000003,,
0,classification,heart,2,BART,AUC,100,None,0.8450000000000001,0.8200000000000001,6.597682476043701,1.7288477420806885,0.25953061899999597,1.7286673779999973,,
0,classification,heart,2,BART,AUC,300,None,0.8625,0.8225000000000001,20.336812019348145,5.209957122802734,0.8560989709999944,5.2099164999999985,,
0,classification,heart,2,BART,AUC,500,None,0.8574999999999999,0.8225000000000001,33.57303047180176,8.67636227607727,1.5349309689999941,8.676347347000004,,
0,classification,heart,3,BART,AUC,10,None,0.8175,0.7525,0.6740105152130127,0.17369794845581055,0.02836828000000935,0.1736907570000028,,
0,classification,heart,3,BART,AUC,25,None,0.8450000000000001,0.7675000000000001,1.6457650661468506,0.44816088676452637,0.031507269000002225,0.44817796099999896,,
0,classification,heart,3,BART,AUC,50,None,0.8574999999999999,0.81,3.1430160999298096,0.8502531051635742,0.05932380599999476,0.8503632500000009,,
0,classification,heart,3,BART,AUC,75,None,0.86875,0.8,5.111124515533447,1.307384967803955,0.4515574630000003,1.3073873440000057,,
0,classification,heart,3,BART,AUC,100,None,0.8625,0.8,6.670097589492798,1.7585475444793701,0.28245772500000044,1.758559966000007,,
0,classification,heart,3,BART,AUC,300,None,0.86375,0.8125000000000001,21.24078059196472,5.1521031856536865,0.7549809230000051,5.151973904000002,,
0,classification,heart,3,BART,AUC,500,None,0.8625,0.81,34.45506477355957,8.553162097930908,1.446460693000006,8.553164953999996,,
0,classification,heart,4,BART,AUC,10,None,0.8500000000000001,0.8225000000000001,0.7013823986053467,0.17611050605773926,0.05371815600000218,0.1761003079999881,,
0,classification,heart,4,BART,AUC,25,None,0.85125,0.8475,1.619570016860962,0.42436861991882324,0.030019956000003845,0.4243658550000049,,
0,classification,heart,4,BART,AUC,50,None,0.8612500000000001,0.8225000000000001,3.3396947383880615,0.8675429821014404,0.1843183689999961,0.8673050050000057,,
0,classification,heart,4,BART,AUC,75,None,0.8612500000000001,0.8350000000000001,5.012579441070557,1.2956106662750244,0.22994851400000016,1.2955110010000084,,
0,classification,heart,4,BART,AUC,100,None,0.8625,0.8225000000000001,6.575050354003906,1.7133069038391113,0.26683549199999845,1.713308653999988,,
0,classification,heart,4,BART,AUC,300,None,0.8674999999999999,0.8225000000000001,21.11308240890503,5.229541063308716,0.8117076099999991,5.229439344999989,,
0,classification,heart,4,BART,AUC,500,None,0.8574999999999999,0.8350000000000001,34.38461947441101,8.788147449493408,1.3920289770000096,8.78801689800001,,
0,classification,heart,5,BART,AUC,10,None,0.8300000000000001,0.8524999999999999,0.673130989074707,0.1751549243927002,0.02695743699999298,0.1751555379999985,,
0,classification,heart,5,BART,AUC,25,None,0.8550000000000001,0.8424999999999999,1.8810315132141113,0.4401388168334961,0.30090769100000614,0.440160438999996,,
0,classification,heart,5,BART,AUC,50,None,0.8562500000000001,0.8400000000000001,3.5337796211242676,0.8648509979248047,0.12688775399999486,0.8648632830000054,,
0,classification,heart,5,BART,AUC,75,None,0.85125,0.8424999999999999,4.857365846633911,1.291358470916748,0.1642032740000019,1.2913424200000065,,
0,classification,heart,5,BART,AUC,100,None,0.8612500000000001,0.8524999999999999,6.521380424499512,1.7257273197174072,0.26203727099999696,1.7257124570000002,,
0,classification,heart,5,BART,AUC,300,None,0.8450000000000001,0.875,20.18318510055542,5.1573450565338135,0.7483174420000012,5.157329136000001,,
0,classification,heart,5,BART,AUC,500,None,0.84625,0.8524999999999999,34.2261962890625,8.624233961105347,1.3433419639999897,8.624104494000008,,
0,classification,heart,6,BART,AUC,10,None,0.825,0.8150000000000001,0.9033374786376953,0.17244577407836914,0.061009184999988975,0.17244770700000345,,
0,classification,heart,6,BART,AUC,25,None,0.85125,0.8300000000000001,1.7962024211883545,0.43576788902282715,0.03340501799999629,0.4357323680000036,,
0,classification,heart,6,BART,AUC,50,None,0.8562500000000001,0.8400000000000001,3.4230566024780273,0.873337984085083,0.24929501699998013,0.8732790970000224,,
0,classification,heart,6,BART,AUC,75,None,0.86875,0.875,4.889148712158203,1.284235954284668,0.15106887100000677,1.2842164369999978,,
0,classification,heart,6,BART,AUC,100,None,0.8625,0.8524999999999999,6.839940786361694,1.711780071258545,0.2526308799999981,1.7117507229999944,,
0,classification,heart,6,BART,AUC,300,None,0.86875,0.875,20.953087329864502,5.23063063621521,0.7492894620000072,5.230579245000001,,
0,classification,heart,6,BART,AUC,500,None,0.86875,0.875,34.63175415992737,8.91456413269043,1.4253658169999994,8.914473082,,
0,classification,heart,7,BART,AUC,10,None,0.8300000000000001,0.845,0.7156786918640137,0.17753982543945312,0.05653380600000446,0.17756271799999013,,
0,classification,heart,7,BART,AUC,25,None,0.8400000000000001,0.8300000000000001,1.6586785316467285,0.5139622688293457,0.03104618899999423,0.513933848999983,,
0,classification,heart,7,BART,AUC,50,None,0.8550000000000001,0.8049999999999999,3.5285887718200684,0.9012801647186279,0.2434080469999742,0.9012655429999938,,
0,classification,heart,7,BART,AUC,75,None,0.8437500000000001,0.855,5.014876127243042,1.3188896179199219,0.1757032569999808,1.318872497000001,,
0,classification,heart,7,BART,AUC,100,None,0.8487500000000001,0.8175,6.7757792472839355,1.7589774131774902,0.2846905369999888,1.758974416000001,,
0,classification,heart,7,BART,AUC,300,None,0.8550000000000001,0.8424999999999999,21.537124156951904,5.309595823287964,0.7967672919999984,5.309579595999992,,
0,classification,heart,7,BART,AUC,500,None,0.85375,0.8424999999999999,34.869778633117676,8.582658767700195,1.5081457009999895,8.582600781999986,,
0,classification,heart,8,BART,AUC,10,None,0.8,0.7375,0.6836082935333252,0.1698598861694336,0.03912613099998907,0.16986033599999928,,
0,classification,heart,8,BART,AUC,25,None,0.8625,0.7925,1.8217034339904785,0.43882322311401367,0.21680925900000148,0.43882079799999474,,
0,classification,heart,8,BART,AUC,50,None,0.8574999999999999,0.7675000000000001,3.354487180709839,0.85658860206604,0.15131506000000172,0.8565123019999987,,
0,classification,heart,8,BART,AUC,75,None,0.89,0.7675000000000001,4.949998140335083,1.2702882289886475,0.1717775340000003,1.2702869139999962,,
0,classification,heart,8,BART,AUC,100,None,0.8800000000000001,0.7675000000000001,6.57705020904541,1.709181785583496,0.2867157580000139,1.7091547020000064,,
0,classification,heart,8,BART,AUC,300,None,0.89125,0.77,21.31117296218872,5.116750001907349,0.8531533020000097,5.116760174999996,,
0,classification,heart,8,BART,AUC,500,None,0.89625,0.77,35.094555377960205,8.718103647232056,1.5424073869999972,8.718044499000001,,
0,classification,heart,9,BART,AUC,10,None,0.8125000000000001,0.875,0.710543155670166,0.16914081573486328,0.05312362399999415,0.16914188500001615,,
0,classification,heart,9,BART,AUC,25,None,0.8287500000000001,0.8625,1.678473949432373,0.43378424644470215,0.03524029899998027,0.4337751879999985,,
0,classification,heart,9,BART,AUC,50,None,0.8225,0.8625,3.3261876106262207,0.8603923320770264,0.059825426999992715,0.8604122729999801,,
0,classification,heart,9,BART,AUC,75,None,0.8450000000000001,0.8775,4.991329669952393,1.3269562721252441,0.33503279900000393,1.3268639300000018,,
0,classification,heart,9,BART,AUC,100,None,0.8287500000000001,0.89,6.795120477676392,1.7102110385894775,0.2657888699999944,1.7101993629999868,,
0,classification,heart,9,BART,AUC,300,None,0.8450000000000001,0.89,20.885289907455444,5.147697925567627,0.8618279939999809,5.147597861999998,,
0,classification,heart,9,BART,AUC,500,None,0.84625,0.8775,34.6083664894104,8.963376522064209,1.5051472380000064,8.963139955999992,,
0,classification,breast-cancer,0,BART,AUC,10,None,0.6273504273504272,0.5218855218855218,0.7274818420410156,0.19541144371032715,0.05570629400000371,0.1953931830000215,,
0,classification,breast-cancer,0,BART,AUC,25,None,0.6327635327635327,0.6439393939393939,1.7541718482971191,0.47835421562194824,0.03318488000002162,0.47835307900001567,,
0,classification,breast-cancer,0,BART,AUC,50,None,0.6505698005698005,0.6363636363636364,3.3365089893341064,0.9494884014129639,0.06588293800001566,0.9494049369999971,,
0,classification,breast-cancer,0,BART,AUC,75,None,0.6582621082621082,0.6363636363636364,5.157260179519653,1.4497754573822021,0.2894988370000249,1.4497805729999982,,
0,classification,breast-cancer,0,BART,AUC,100,None,0.6582621082621082,0.6363636363636364,6.829818964004517,1.8943629264831543,0.2855357659999811,1.894380401999996,,
0,classification,breast-cancer,0,BART,AUC,300,None,0.6767806267806268,0.6439393939393939,21.112738847732544,5.8010828495025635,0.8247993530000031,5.800934429999984,,
0,classification,breast-cancer,0,BART,AUC,500,None,0.6544159544159543,0.6363636363636364,35.90253520011902,9.952821016311646,1.465066735999983,9.952810583000002,,
0,classification,breast-cancer,1,BART,AUC,10,None,0.6566951566951568,0.6287878787878788,0.9266717433929443,0.19802045822143555,0.27611994299999765,0.19802094399997827,,
0,classification,breast-cancer,1,BART,AUC,25,None,0.7014245014245014,0.5984848484848484,1.7294378280639648,0.4973490238189697,0.039370581000014226,0.4973400549999951,,
0,classification,breast-cancer,1,BART,AUC,50,None,0.7029914529914529,0.6060606060606061,3.3604280948638916,0.9807312488555908,0.14583613799999284,0.9807203950000201,,
0,classification,breast-cancer,1,BART,AUC,75,None,0.6566951566951568,0.6026936026936027,5.115389347076416,1.4776957035064697,0.26753044400001613,1.4776372990000084,,
0,classification,breast-cancer,1,BART,AUC,100,None,0.6783475783475784,0.6430976430976431,7.290916919708252,1.920992374420166,0.28399131599999805,1.9209796100000176,,
0,classification,breast-cancer,1,BART,AUC,300,None,0.6821937321937322,0.6245791245791246,21.64053702354431,5.971387147903442,0.9723372820000122,5.971393726000002,,
0,classification,breast-cancer,1,BART,AUC,500,None,0.7099715099715099,0.6245791245791246,35.13026762008667,9.825592994689941,1.2759911770000087,9.824999999,,
0,classification,breast-cancer,2,BART,AUC,10,None,0.5903133903133903,0.5404040404040404,0.8958256244659424,0.19092869758605957,0.21937527900001896,0.19092522199997575,,
0,classification,breast-cancer,2,BART,AUC,25,None,0.628917378917379,0.6439393939393939,1.6199684143066406,0.477618932723999,0.036144210999964344,0.47760704900002793,,
0,classification,breast-cancer,2,BART,AUC,50,None,0.618091168091168,0.5883838383838385,3.4410855770111084,0.9594948291778564,0.14505726700002697,0.9594679300000166,,
0,classification,breast-cancer,2,BART,AUC,75,None,0.628917378917379,0.6254208754208754,4.996514320373535,1.4689786434173584,0.2303849420000006,1.4689630670000042,,
0,classification,breast-cancer,2,BART,AUC,100,None,0.625071225071225,0.6439393939393939,6.565638303756714,1.950279712677002,0.26502618399996436,1.9502907280000272,,
0,classification,breast-cancer,2,BART,AUC,300,None,0.6343304843304843,0.6439393939393939,21.485112190246582,5.724658250808716,0.8287488750000307,5.724585809000018,,
0,classification,breast-cancer,2,BART,AUC,500,None,0.6343304843304843,0.6439393939393939,35.466064453125,10.008073806762695,1.814413380000019,10.00636498800003,,
0,classification,breast-cancer,3,BART,AUC,10,None,0.6235042735042734,0.6439393939393939,0.7420778274536133,0.195540189743042,0.0455923619999794,0.195529213000043,,
0,classification,breast-cancer,3,BART,AUC,25,None,0.5941595441595442,0.5883838383838385,1.7598769664764404,0.49117302894592285,0.03325498999998899,0.4909201130000156,,
0,classification,breast-cancer,3,BART,AUC,50,None,0.6273504273504272,0.6439393939393939,3.3079946041107178,0.980191707611084,0.06872174900001937,0.9801894349999998,,
0,classification,breast-cancer,3,BART,AUC,75,None,0.621937321937322,0.6254208754208754,5.282515287399292,1.4484703540802002,0.46631629699999166,1.4481813920000377,,
0,classification,breast-cancer,3,BART,AUC,100,None,0.6273504273504272,0.6144781144781145,6.8589324951171875,1.9621772766113281,0.2831811259999881,1.961816720999991,,
0,classification,breast-cancer,3,BART,AUC,300,None,0.6311965811965812,0.6439393939393939,21.356412172317505,5.896343946456909,0.9553087369999957,5.895254754999996,,
0,classification,breast-cancer,3,BART,AUC,500,None,0.6311965811965812,0.6254208754208754,35.77312421798706,10.032095432281494,1.368599449000044,10.031898324999986,,
0,classification,breast-cancer,4,BART,AUC,10,None,0.6474358974358974,0.5732323232323233,0.7291505336761475,0.1976466178894043,0.04672580299995843,0.1976489930000298,,
0,classification,breast-cancer,4,BART,AUC,25,None,0.665954415954416,0.5656565656565656,1.9782381057739258,0.4940929412841797,0.26773548300002403,0.49407801300003484,,
0,classification,breast-cancer,4,BART,AUC,50,None,0.6975783475783477,0.5765993265993267,3.4941718578338623,0.9764420986175537,0.1336181870000246,0.9763755739999738,,
0,classification,breast-cancer,4,BART,AUC,75,None,0.7029914529914529,0.5505050505050506,5.121939420700073,1.443608045578003,0.1890265210000166,1.443614751000041,,
0,classification,breast-cancer,4,BART,AUC,100,None,0.7269230769230768,0.5765993265993267,6.906569719314575,1.9149985313415527,0.35025761499997543,1.9149132680000207,,
0,classification,breast-cancer,4,BART,AUC,300,None,0.7029914529914529,0.5765993265993267,21.10061550140381,5.803149700164795,0.9129793470000322,5.8030087700000195,,
0,classification,breast-cancer,4,BART,AUC,500,None,0.7176638176638176,0.5765993265993267,35.795705795288086,10.179485321044922,1.586637919999987,10.179252195000004,,
0,classification,breast-cancer,5,BART,AUC,10,None,0.6605413105413106,0.5513468013468014,0.8731732368469238,0.1948704719543457,0.15903013199999805,0.19485334300003387,,
0,classification,breast-cancer,5,BART,AUC,25,None,0.6713675213675213,0.5361952861952861,1.764477252960205,0.5000789165496826,0.03285676100000501,0.5001398250000193,,
0,classification,breast-cancer,5,BART,AUC,50,None,0.6991452991452991,0.5917508417508417,3.382835865020752,0.980290412902832,0.13574891500002195,0.9802775559999759,,
0,classification,breast-cancer,5,BART,AUC,75,None,0.6806267806267806,0.5732323232323233,5.113265037536621,1.4802794456481934,0.24757576700000072,1.4802491010000267,,
0,classification,breast-cancer,5,BART,AUC,100,None,0.6991452991452991,0.5917508417508417,6.877747297286987,1.9617271423339844,0.26450004200000876,1.9617142010000066,,
0,classification,breast-cancer,5,BART,AUC,300,None,0.6898860398860399,0.5917508417508417,21.208937644958496,6.057331800460815,0.9147566699999743,6.057222198999966,,
0,classification,breast-cancer,5,BART,AUC,500,None,0.7084045584045584,0.5917508417508417,36.10207438468933,9.800742626190186,1.6541307769999776,9.800600201999998,,
0,classification,breast-cancer,6,BART,AUC,10,None,0.6528490028490028,0.5917508417508417,0.7475099563598633,0.20153212547302246,0.04501666099997692,0.20152294400003257,,
0,classification,breast-cancer,6,BART,AUC,25,None,0.6806267806267806,0.5917508417508417,1.7880871295928955,0.49863219261169434,0.04140278199997738,0.49859089500000664,,
0,classification,breast-cancer,6,BART,AUC,50,None,0.6821937321937322,0.6473063973063972,3.516061305999756,0.9790999889373779,0.0675202780000177,0.9790758249999953,,
0,classification,breast-cancer,6,BART,AUC,75,None,0.6582621082621082,0.6102693602693602,5.538746118545532,1.467376470565796,0.42621739399999115,1.4673738569999841,,
0,classification,breast-cancer,6,BART,AUC,100,None,0.6636752136752136,0.6102693602693602,7.331887483596802,1.9442386627197266,0.2937003700000105,1.9439907459999972,,
0,classification,breast-cancer,6,BART,AUC,300,None,0.672934472934473,0.6287878787878788,21.031005382537842,5.815580606460571,0.8821620209999992,5.815525223999998,,
0,classification,breast-cancer,6,BART,AUC,500,None,0.6598290598290598,0.6287878787878788,35.29170489311218,9.686942338943481,1.5248925829999962,9.686803731999987,,
0,classification,breast-cancer,7,BART,AUC,10,None,0.649002849002849,0.5580808080808081,0.7546327114105225,0.18854880332946777,0.05812946399998964,0.18854969099999153,,
0,classification,breast-cancer,7,BART,AUC,25,None,0.6435897435897435,0.5917508417508417,1.7569165229797363,0.4710557460784912,0.03880358199995726,0.4710568670000157,,
0,classification,breast-cancer,7,BART,AUC,50,None,0.665954415954416,0.5361952861952861,3.3060970306396484,0.9553654193878174,0.06437484699995366,0.955386247999968,,
0,classification,breast-cancer,7,BART,AUC,75,None,0.6435897435897435,0.5656565656565656,5.16617751121521,1.4397966861724854,0.3620418079999581,1.4398057390000076,,
0,classification,breast-cancer,7,BART,AUC,100,None,0.6544159544159543,0.5875420875420876,6.884160041809082,1.8879733085632324,0.2891411979999816,1.88798988100001,,
0,classification,breast-cancer,7,BART,AUC,300,None,0.672934472934473,0.5875420875420876,21.352221250534058,5.760463237762451,0.9143934190000209,5.760419528999989,,
0,classification,breast-cancer,7,BART,AUC,500,None,0.672934472934473,0.5875420875420876,35.43069767951965,9.631621599197388,1.4479437410000173,9.631546646000004,,
0,classification,breast-cancer,8,BART,AUC,10,None,0.598005698005698,0.6111111111111112,0.7097375392913818,0.18895506858825684,0.04313865099999248,0.18893377100005182,,
0,classification,breast-cancer,8,BART,AUC,25,None,0.5918803418803419,0.6851851851851851,1.6964945793151855,0.48708295822143555,0.0339418579999915,0.4870734420000531,,
0,classification,breast-cancer,8,BART,AUC,50,None,0.5864672364672365,0.6666666666666666,3.4193966388702393,0.9440088272094727,0.06586097699999982,0.9440195159999689,,
0,classification,breast-cancer,8,BART,AUC,75,None,0.6049857549857549,0.6851851851851851,5.257859230041504,1.4086785316467285,0.41378210099998114,1.408671551999987,,
0,classification,breast-cancer,8,BART,AUC,100,None,0.588034188034188,0.6851851851851851,6.624372243881226,1.8978698253631592,0.287630546999992,1.8978904539999917,,
0,classification,breast-cancer,8,BART,AUC,300,None,0.5972934472934472,0.6851851851851851,21.139421224594116,5.781771183013916,0.873659865000036,5.781725815000016,,
0,classification,breast-cancer,8,BART,AUC,500,None,0.5972934472934472,0.6666666666666666,35.84910750389099,9.893053770065308,1.602563960999987,9.893031817000008,,
0,classification,breast-cancer,9,BART,AUC,10,None,0.5918803418803419,0.6220538720538721,0.9560787677764893,0.20288300514221191,0.04867463199997246,0.20290395500001068,,
0,classification,breast-cancer,9,BART,AUC,25,None,0.6566951566951568,0.5993265993265994,2.6432666778564453,0.5023143291473389,0.04359657200001266,0.5022942460000195,,
0,classification,breast-cancer,9,BART,AUC,50,None,0.6566951566951568,0.5993265993265994,4.570513963699341,1.0068349838256836,0.08941661400001522,1.006809521999969,,
0,classification,breast-cancer,9,BART,AUC,75,None,0.665954415954416,0.5993265993265994,5.385809898376465,1.437086820602417,0.4530339120000235,1.4370697680000148,,
0,classification,breast-cancer,9,BART,AUC,100,None,0.665954415954416,0.5993265993265994,6.937633752822876,2.0157697200775146,0.3098480230000291,2.015745745000004,,
0,classification,breast-cancer,9,BART,AUC,300,None,0.6698005698005698,0.5993265993265994,21.0595862865448,5.7150559425354,0.910992025999974,5.714995567000017,,
0,classification,breast-cancer,9,BART,AUC,500,None,0.6752136752136751,0.5993265993265994,35.00504207611084,9.947836875915527,1.3611917779999771,9.947798452000029,,
0,classification,haberman,0,BART,AUC,10,None,0.5581481481481482,0.5288888888888889,0.749821662902832,0.05872917175292969,0.14849351200001593,0.05872964600001751,,
0,classification,haberman,0,BART,AUC,25,None,0.585925925925926,0.5288888888888889,1.5645496845245361,0.16778945922851562,0.024157937000040874,0.16777698499998905,,
0,classification,haberman,0,BART,AUC,50,None,0.6162962962962963,0.5340740740740741,3.1143665313720703,0.2893836498260498,0.1136309319999782,0.2893848680000133,,
0,classification,haberman,0,BART,AUC,75,None,0.6196296296296296,0.5474074074074075,4.786663293838501,0.44278597831726074,0.15502938200000926,0.44278503999998975,,
0,classification,haberman,0,BART,AUC,100,None,0.6196296296296296,0.5340740740740741,6.249001741409302,0.5901801586151123,0.26581120200000896,0.5901539989999947,,
0,classification,haberman,0,BART,AUC,300,None,0.6222222222222222,0.5407407407407407,18.836338996887207,1.784374475479126,0.6129461560000209,1.7843573519999723,,
0,classification,haberman,0,BART,AUC,500,None,0.6348148148148148,0.5407407407407407,31.952046394348145,2.985607862472534,1.290368056000034,2.9855298979999816,,
0,classification,haberman,1,BART,AUC,10,None,0.5059259259259259,0.5185185185185186,0.6475796699523926,0.0603947639465332,0.035003710000012234,0.06038897700000234,,
0,classification,haberman,1,BART,AUC,25,None,0.5548148148148149,0.517037037037037,1.5009925365447998,0.14673662185668945,0.024843335000014122,0.1467339199999742,,
0,classification,haberman,1,BART,AUC,50,None,0.5574074074074075,0.517037037037037,3.1469614505767822,0.3122386932373047,0.056880195000019285,0.31223905500002047,,
0,classification,haberman,1,BART,AUC,75,None,0.5481481481481482,0.5237037037037037,4.774781703948975,0.4444301128387451,0.3126681440000425,0.44442437000003565,,
0,classification,haberman,1,BART,AUC,100,None,0.5548148148148149,0.5237037037037037,6.14605188369751,0.596975564956665,0.23096935299997767,0.5968102620000195,,
0,classification,haberman,1,BART,AUC,300,None,0.5733333333333333,0.517037037037037,19.16726326942444,1.8349440097808838,0.6829551360000323,1.8342743659999883,,
0,classification,haberman,1,BART,AUC,500,None,0.5700000000000001,0.5237037037037037,32.01866674423218,3.07598876953125,1.2582388920000085,3.076002161999952,,
0,classification,haberman,2,BART,AUC,10,None,0.5725925925925925,0.5355555555555556,0.649320125579834,0.06021690368652344,0.04504510399999617,0.06021518599999354,,
0,classification,haberman,2,BART,AUC,25,None,0.5851851851851853,0.5355555555555556,1.5235495567321777,0.1602168083190918,0.02639674599998898,0.1602112730000158,,
0,classification,haberman,2,BART,AUC,50,None,0.6037037037037036,0.5607407407407408,3.0622498989105225,0.3061990737915039,0.15774862199998552,0.30620042300000705,,
0,classification,haberman,2,BART,AUC,75,None,0.6129629629629629,0.5355555555555556,4.680898427963257,0.4501359462738037,0.1451990589999923,0.4501314110000294,,
0,classification,haberman,2,BART,AUC,100,None,0.6188888888888888,0.5659259259259259,6.066952705383301,0.6192963123321533,0.22249320800000305,0.619285858000012,,
0,classification,haberman,2,BART,AUC,300,None,0.6162962962962963,0.5288888888888889,19.673031091690063,1.7716045379638672,0.8240960640000026,1.7715891390000138,,
0,classification,haberman,2,BART,AUC,500,None,0.6281481481481481,0.5659259259259259,32.0501868724823,3.009784460067749,1.282017427000028,3.0097075840000116,,
0,classification,haberman,3,BART,AUC,10,None,0.5396296296296297,0.5185185185185186,0.6529505252838135,0.059847354888916016,0.04419770200001949,0.0598481459999789,,
0,classification,haberman,3,BART,AUC,25,None,0.5581481481481482,0.5422222222222223,1.5153765678405762,0.16497492790222168,0.02616553699999713,0.16498020399995994,,
0,classification,haberman,3,BART,AUC,50,None,0.607037037037037,0.5792592592592594,2.904534101486206,0.31067872047424316,0.04548206099997287,0.31066369500001656,,
0,classification,haberman,3,BART,AUC,75,None,0.5885185185185186,0.5977777777777777,4.662810564041138,0.4532954692840576,0.2147210589999986,0.4532973319999769,,
0,classification,haberman,3,BART,AUC,100,None,0.6003703703703703,0.5977777777777777,6.125732421875,0.5896835327148438,0.17006456500001832,0.589690179999991,,
0,classification,haberman,3,BART,AUC,300,None,0.6129629629629629,0.5977777777777777,20.304425477981567,2.074374198913574,0.8919790899999498,2.0742973320000146,,
0,classification,haberman,3,BART,AUC,500,None,0.6129629629629629,0.5911111111111111,32.27296018600464,2.9705023765563965,1.2120163260000254,2.9705176140000162,,
0,classification,haberman,4,BART,AUC,10,None,0.5059259259259259,0.4866666666666667,0.686556339263916,0.058641672134399414,0.050387641000043004,0.05864263600000186,,
0,classification,haberman,4,BART,AUC,25,None,0.548888888888889,0.5222222222222223,1.556253433227539,0.15007758140563965,0.026832355000010466,0.15009873000002472,,
0,classification,haberman,4,BART,AUC,50,None,0.5766666666666667,0.517037037037037,3.2039976119995117,0.28984761238098145,0.18582072899999957,0.2898401789999525,,
0,classification,haberman,4,BART,AUC,75,None,0.5674074074074074,0.5474074074074075,4.710817575454712,0.45018458366394043,0.1559058919999643,0.4501732119999815,,
0,classification,haberman,4,BART,AUC,100,None,0.5700000000000001,0.5592592592592593,6.054135799407959,0.6015284061431885,0.27460464399996454,0.601496773000008,,
0,classification,haberman,4,BART,AUC,300,None,0.585925925925926,0.5340740740740741,19.289454221725464,1.750579595565796,0.6363456010000164,1.7505962129999943,,
0,classification,haberman,4,BART,AUC,500,None,0.5766666666666667,0.5340740740740741,31.742199897766113,2.929246664047241,1.2062439250000239,2.9292598819999967,,
0,classification,haberman,5,BART,AUC,10,None,0.5337037037037037,0.5607407407407408,0.6730575561523438,0.05842757225036621,0.03462342900002113,0.05842828599998029,,
0,classification,haberman,5,BART,AUC,25,None,0.5581481481481482,0.5792592592592594,1.4946496486663818,0.16057491302490234,0.025081646000046476,0.16057139399998732,,
0,classification,haberman,5,BART,AUC,50,None,0.5733333333333333,0.6044444444444445,3.1284568309783936,0.2908296585083008,0.04953399499999023,0.290827677999971,,
0,classification,haberman,5,BART,AUC,75,None,0.5548148148148149,0.5674074074074074,4.66096830368042,0.43253612518310547,0.3035119429999895,0.432537367000009,,
0,classification,haberman,5,BART,AUC,100,None,0.5548148148148149,0.585925925925926,6.033408880233765,0.5733788013458252,0.22787321100003055,0.5733830560000115,,
0,classification,haberman,5,BART,AUC,300,None,0.5733333333333333,0.6414814814814815,19.325522899627686,1.7759714126586914,0.6494826950000174,1.7759427110000274,,
0,classification,haberman,5,BART,AUC,500,None,0.5825925925925926,0.6414814814814815,32.24668478965759,3.0095791816711426,1.3064978529999962,3.009585974999993,,
0,classification,haberman,6,BART,AUC,10,None,0.5,0.5,0.6612706184387207,0.05908632278442383,0.04759664200003044,0.05908704600005876,,
0,classification,haberman,6,BART,AUC,25,None,0.5185185185185186,0.5185185185185186,1.530993938446045,0.1710035800933838,0.025444357000083073,0.17102138600000671,,
0,classification,haberman,6,BART,AUC,50,None,0.5277777777777778,0.5303703703703704,3.1167540550231934,0.3090636730194092,0.0659268480000037,0.30906548300004033,,
0,classification,haberman,6,BART,AUC,75,None,0.5185185185185186,0.5118518518518519,4.7487952709198,0.4323885440826416,0.21797845899993717,0.43238932700000987,,
0,classification,haberman,6,BART,AUC,100,None,0.5244444444444444,0.5303703703703704,6.212767124176025,0.5938832759857178,0.255118838000044,0.5938812410000764,,
0,classification,haberman,6,BART,AUC,300,None,0.5211111111111111,0.5237037037037037,19.05090022087097,1.7722954750061035,0.6376143319999983,1.7722979290000467,,
0,classification,haberman,6,BART,AUC,500,None,0.5244444444444444,0.5237037037037037,32.6191143989563,2.985027551651001,1.207547284000043,2.9850492680000116,,
0,classification,haberman,7,BART,AUC,10,None,0.5092592592592593,0.49333333333333335,0.6627893447875977,0.05826544761657715,0.0442776339999682,0.058265775999984726,,
0,classification,haberman,7,BART,AUC,25,None,0.5211111111111111,0.5103703703703704,1.5054748058319092,0.16417884826660156,0.02406328699998994,0.16419094500008669,,
0,classification,haberman,7,BART,AUC,50,None,0.5270370370370371,0.517037037037037,3.080753803253174,0.3052644729614258,0.15726795200009747,0.30526564299998427,,
0,classification,haberman,7,BART,AUC,75,None,0.5996296296296296,0.6214814814814815,4.548635721206665,0.43765854835510254,0.1446467199999688,0.4376661179999246,,
0,classification,haberman,7,BART,AUC,100,None,0.5607407407407408,0.5844444444444444,5.995349168777466,0.587815523147583,0.24394315400002142,0.587812619000033,,
0,classification,haberman,7,BART,AUC,300,None,0.5692592592592594,0.6029629629629629,19.34004259109497,1.788393497467041,0.7791475000000219,1.7883902239999543,,
0,classification,haberman,7,BART,AUC,500,None,0.5751851851851852,0.6214814814814815,31.892900943756104,2.964857816696167,1.519904350000047,2.9648369920000732,,
0,classification,haberman,8,BART,AUC,10,None,0.5,0.5,0.650263786315918,0.05854487419128418,0.04565355299996554,0.0585362949999535,,
0,classification,haberman,8,BART,AUC,25,None,0.5514814814814815,0.5303703703703704,1.5527448654174805,0.16164517402648926,0.025425266000070224,0.16165839399991455,,
0,classification,haberman,8,BART,AUC,50,None,0.5337037037037037,0.5051851851851853,3.143287420272827,0.2964906692504883,0.052124141000035706,0.2964653909999697,,
0,classification,haberman,8,BART,AUC,75,None,0.5514814814814815,0.5051851851851853,4.689538955688477,0.447864294052124,0.22919084199997997,0.4478432010000688,,
0,classification,haberman,8,BART,AUC,100,None,0.5548148148148149,0.5051851851851853,6.271287441253662,0.5815980434417725,0.2340423529999498,0.581599008000012,,
0,classification,haberman,8,BART,AUC,300,None,0.532962962962963,0.5051851851851853,19.125126600265503,1.8311243057250977,0.7289209269999901,1.8310540759999867,,
0,classification,haberman,8,BART,AUC,500,None,0.5396296296296297,0.5051851851851853,32.216012477874756,3.0437166690826416,1.4021553590000622,3.0435780039999827,,
0,classification,haberman,9,BART,AUC,10,None,0.5,0.5,0.6280126571655273,0.060163259506225586,0.023111097999958474,0.060165116999996826,,
0,classification,haberman,9,BART,AUC,25,None,0.5522222222222222,0.585925925925926,1.5548198223114014,0.15315604209899902,0.02664053800003785,0.15315680100002282,,
0,classification,haberman,9,BART,AUC,50,None,0.5725925925925925,0.5962962962962963,3.0587387084960938,0.31566309928894043,0.05539867699997103,0.315679834999969,,
0,classification,haberman,9,BART,AUC,75,None,0.5733333333333333,0.5911111111111111,5.011397361755371,0.45911741256713867,0.4092988699999296,0.45909856399998716,,
0,classification,haberman,9,BART,AUC,100,None,0.5725925925925925,0.5777777777777777,6.449644565582275,0.5849862098693848,0.23081441299996186,0.5849944890001098,,
0,classification,haberman,9,BART,AUC,300,None,0.5700000000000001,0.5844444444444444,18.854593753814697,1.767685890197754,0.6608484480000243,1.76766518799991,,
0,classification,haberman,9,BART,AUC,500,None,0.5725925925925925,0.5962962962962963,31.16609001159668,2.9727797508239746,1.191435763999948,2.9727213639999945,,
0,classification,ionosphere,0,BART,AUC,10,None,0.8657142857142857,0.8452380952380952,0.7747788429260254,0.3535451889038086,0.04724312200005443,0.35364162600001237,,
0,classification,ionosphere,0,BART,AUC,25,None,0.8776190476190475,0.9404761904761905,1.8169293403625488,0.8388481140136719,0.05983325700003661,0.8388325570000461,,
0,classification,ionosphere,0,BART,AUC,50,None,0.8742857142857143,0.8452380952380952,3.747150182723999,1.601501703262329,0.41371216999993976,1.601510683000015,,
0,classification,ionosphere,0,BART,AUC,75,None,0.8776190476190475,0.9047619047619048,5.892998218536377,2.4534060955047607,0.34938120499998604,2.4533684340000264,,
0,classification,ionosphere,0,BART,AUC,100,None,0.8980952380952382,0.9285714285714286,7.520404815673828,3.308600664138794,0.39666654699999526,3.3084714459999987,,
0,classification,ionosphere,0,BART,AUC,300,None,0.9040476190476191,0.9047619047619048,23.086439609527588,10.232838869094849,1.3023673940000435,10.232244387999913,,
0,classification,ionosphere,0,BART,AUC,500,None,0.9159523809523811,0.8928571428571428,38.14832162857056,17.03532600402832,2.235349925000037,17.035164048999945,,
0,classification,ionosphere,1,BART,AUC,10,None,0.875,0.8200000000000001,0.8401610851287842,0.35398364067077637,0.08807757399995353,0.3539857560000428,,
0,classification,ionosphere,1,BART,AUC,25,None,0.8988095238095238,0.8861904761904762,1.9730474948883057,0.824882984161377,0.19781750499998907,0.8249097230000189,,
0,classification,ionosphere,1,BART,AUC,50,None,0.8928571428571428,0.9033333333333334,3.849869728088379,1.6220042705535889,0.2071466079999027,1.62200916900008,,
0,classification,ionosphere,1,BART,AUC,75,None,0.9226190476190477,0.921904761904762,5.724809885025024,2.6207032203674316,0.3913359150000133,2.620702329999972,,
0,classification,ionosphere,1,BART,AUC,100,None,0.9311904761904761,0.921904761904762,7.331495761871338,3.3116307258605957,0.40093779799997264,3.3116249860000835,,
0,classification,ionosphere,1,BART,AUC,300,None,0.9311904761904761,0.8966666666666666,23.69812273979187,10.007141351699829,1.3557600080000611,10.006884617999958,,
0,classification,ionosphere,1,BART,AUC,500,None,0.955,0.8966666666666666,37.82109022140503,16.844004154205322,2.1278927270000167,16.843847718000006,,
0,classification,ionosphere,2,BART,AUC,10,None,0.8835714285714285,0.8623809523809525,0.85044264793396,0.3826289176940918,0.08267690400009542,0.3826260529999672,,
0,classification,ionosphere,2,BART,AUC,25,None,0.8802380952380953,0.8333333333333334,1.8549892902374268,0.8715639114379883,0.057855027999949016,0.871546856000009,,
0,classification,ionosphere,2,BART,AUC,50,None,0.876904761904762,0.8385714285714285,3.8791298866271973,1.6310768127441406,0.270207801999959,1.631044922000001,,
0,classification,ionosphere,2,BART,AUC,75,None,0.8742857142857143,0.8504761904761905,5.944214582443237,2.3938417434692383,0.3463483150000002,2.393852637000009,,
0,classification,ionosphere,2,BART,AUC,100,None,0.9073809523809523,0.8504761904761905,7.659607648849487,3.199650526046753,0.4234803329999295,3.1996441559999766,,
0,classification,ionosphere,2,BART,AUC,300,None,0.9159523809523811,0.8690476190476191,22.870551586151123,9.711686849594116,1.3111627550000549,9.71159550799996,,
0,classification,ionosphere,2,BART,AUC,500,None,0.9311904761904761,0.8928571428571428,38.7152419090271,16.569807052612305,2.285293610999929,16.569683454000028,,
0,classification,ionosphere,3,BART,AUC,10,None,0.9107142857142857,0.8028571428571429,0.7766752243041992,0.33869409561157227,0.08031250999999884,0.3386868110000023,,
0,classification,ionosphere,3,BART,AUC,25,None,0.9073809523809523,0.7961904761904761,1.982487678527832,0.8016338348388672,0.19317206300002,0.8016334169999482,,
0,classification,ionosphere,3,BART,AUC,50,None,0.8895238095238095,0.7723809523809524,3.5759119987487793,1.5977892875671387,0.18236846199999945,1.5977795720000358,,
0,classification,ionosphere,3,BART,AUC,75,None,0.9252380952380953,0.8147619047619048,5.490884304046631,2.413158416748047,0.30301874100007353,2.4131588430000193,,
0,classification,ionosphere,3,BART,AUC,100,None,0.8954761904761905,0.7961904761904761,8.13069462776184,3.225270986557007,0.449153770999942,3.2252763330000107,,
0,classification,ionosphere,3,BART,AUC,300,None,0.9192857142857143,0.7961904761904761,22.996644496917725,10.061320066452026,1.2626903440000206,10.061186762000034,,
0,classification,ionosphere,3,BART,AUC,500,None,0.943095238095238,0.8080952380952381,37.999393463134766,16.68506622314453,2.1462297110000463,16.684904635000066,,
0,classification,ionosphere,4,BART,AUC,10,None,0.8742857142857143,0.8914285714285715,0.7566869258880615,0.33098435401916504,0.044188364000092406,0.33098599999993894,,
0,classification,ionosphere,4,BART,AUC,25,None,0.886904761904762,0.8504761904761905,1.8457798957824707,0.8254480361938477,0.0535671339999908,0.8253672629999755,,
0,classification,ionosphere,4,BART,AUC,50,None,0.9073809523809523,0.8571428571428572,4.043770790100098,1.6326446533203125,0.5504826880001019,1.6324541510000472,,
0,classification,ionosphere,4,BART,AUC,75,None,0.8954761904761905,0.8266666666666669,5.757968187332153,2.4229896068573,0.3709360499999548,2.42292819599993,,
0,classification,ionosphere,4,BART,AUC,100,None,0.8921428571428572,0.8385714285714285,7.401278018951416,3.517291307449341,0.42822598499992637,3.517040351999981,,
0,classification,ionosphere,4,BART,AUC,300,None,0.9073809523809523,0.8571428571428572,22.823455095291138,9.810969591140747,1.391627097999958,9.810610114999918,,
0,classification,ionosphere,4,BART,AUC,500,None,0.9073809523809523,0.8452380952380952,37.70910954475403,16.498764753341675,2.0473728260000144,16.49841829500008,,
0,classification,ionosphere,5,BART,AUC,10,None,0.8683333333333334,0.8095238095238095,0.7871215343475342,0.3560807704925537,0.06157970700007809,0.3560651369999732,,
0,classification,ionosphere,5,BART,AUC,25,None,0.8802380952380953,0.8623809523809525,2.058539867401123,0.7957339286804199,0.27720475599994643,0.795781545000068,,
0,classification,ionosphere,5,BART,AUC,50,None,0.8809523809523809,0.8385714285714285,3.6333630084991455,1.6347355842590332,0.19420544199999767,1.634713022000028,,
0,classification,ionosphere,5,BART,AUC,75,None,0.8954761904761905,0.8266666666666669,5.487606525421143,2.4124832153320312,0.3534775040000113,2.4124398829999336,,
0,classification,ionosphere,5,BART,AUC,100,None,0.9107142857142857,0.8385714285714285,7.3249828815460205,3.229580879211426,0.38564378499995655,3.2295359940000026,,
0,classification,ionosphere,5,BART,AUC,300,None,0.9226190476190477,0.8504761904761905,23.033558130264282,9.920581817626953,1.2976182720000224,9.920530304000067,,
0,classification,ionosphere,5,BART,AUC,500,None,0.9226190476190477,0.8504761904761905,38.38519883155823,16.715538501739502,2.3698435799999515,16.714458552999986,,
0,classification,ionosphere,6,BART,AUC,10,None,0.8623809523809525,0.7738095238095238,0.8072488307952881,0.3403348922729492,0.07489369799998258,0.34019546199999695,,
0,classification,ionosphere,6,BART,AUC,25,None,0.91,0.8214285714285714,1.7716190814971924,0.8136289119720459,0.05222789299989472,0.8134712300000047,,
0,classification,ionosphere,6,BART,AUC,50,None,0.8980952380952382,0.8571428571428572,3.487180709838867,1.6428189277648926,0.10082745599993359,1.6428240049999658,,
0,classification,ionosphere,6,BART,AUC,75,None,0.8828571428571428,0.8333333333333334,5.606773853302002,2.456629753112793,0.38233881200005726,2.4566163050000114,,
0,classification,ionosphere,6,BART,AUC,100,None,0.9278571428571429,0.8452380952380952,7.347691535949707,3.300046443939209,0.5010053770000695,3.299979442999984,,
0,classification,ionosphere,6,BART,AUC,300,None,0.9278571428571429,0.8571428571428572,23.08645987510681,9.68265986442566,1.3978185690000373,9.682568720000063,,
0,classification,ionosphere,6,BART,AUC,500,None,0.9278571428571429,0.8690476190476191,38.41289234161377,16.494917392730713,2.2878316079999195,16.494818723000094,,
0,classification,ionosphere,7,BART,AUC,10,None,0.8921428571428572,0.8095238095238095,0.8185408115386963,0.344193696975708,0.08435671200004435,0.3441893939999545,,
0,classification,ionosphere,7,BART,AUC,25,None,0.8504761904761905,0.8214285714285714,1.9720499515533447,0.8299214839935303,0.19213744199998928,0.8299225339999339,,
0,classification,ionosphere,7,BART,AUC,50,None,0.8921428571428572,0.7738095238095238,3.8873250484466553,1.6185450553894043,0.18295971999998528,1.6185528280000199,,
0,classification,ionosphere,7,BART,AUC,75,None,0.8888095238095238,0.8095238095238095,5.498152494430542,2.491854190826416,0.3258183460000055,2.491883405000067,,
0,classification,ionosphere,7,BART,AUC,100,None,0.91,0.8214285714285714,7.333606481552124,3.251871109008789,0.44432018000009066,3.2517397889999984,,
0,classification,ionosphere,7,BART,AUC,300,None,0.9278571428571429,0.8452380952380952,23.329376697540283,9.932795763015747,1.4076908009999443,9.932325196999955,,
0,classification,ionosphere,7,BART,AUC,500,None,0.9338095238095239,0.8452380952380952,38.591208696365356,16.770017862319946,2.4757755560000305,16.76944656799992,,
0,classification,ionosphere,8,BART,AUC,10,None,0.8895238095238095,0.7738095238095238,0.8281559944152832,0.3532431125640869,0.06531666700004735,0.3532115049999902,,
0,classification,ionosphere,8,BART,AUC,25,None,0.8954761904761905,0.7619047619047619,1.81660795211792,0.8208649158477783,0.05205129399996622,0.8208705119999422,,
0,classification,ionosphere,8,BART,AUC,50,None,0.9311904761904761,0.7738095238095238,3.674419641494751,1.6357429027557373,0.1069222890000674,1.6356922430001077,,
0,classification,ionosphere,8,BART,AUC,75,None,0.9073809523809523,0.7738095238095238,5.601253271102905,2.410773754119873,0.48904128300000593,2.4107035819999965,,
0,classification,ionosphere,8,BART,AUC,100,None,0.9133333333333332,0.8028571428571429,7.228939056396484,3.2377655506134033,0.45469881600001827,3.237645225999927,,
0,classification,ionosphere,8,BART,AUC,300,None,0.937142857142857,0.7976190476190477,23.119988203048706,9.540398836135864,1.443951926000068,9.54036526199991,,
0,classification,ionosphere,8,BART,AUC,500,None,0.943095238095238,0.8214285714285714,37.363274812698364,16.54704475402832,2.235795385000074,16.546619686999975,,
0,classification,ionosphere,9,BART,AUC,10,None,0.8809523809523809,0.8690476190476191,0.8031175136566162,0.345034122467041,0.08211960400001317,0.3450080430000071,,
0,classification,ionosphere,9,BART,AUC,25,None,0.8630952380952381,0.8571428571428572,1.8301336765289307,0.8116912841796875,0.05822988500005977,0.8117066500000192,,
0,classification,ionosphere,9,BART,AUC,50,None,0.8861904761904762,0.8676190476190476,3.686649799346924,1.6034257411956787,0.12418673299998773,1.6034506339999552,,
0,classification,ionosphere,9,BART,AUC,75,None,0.8776190476190475,0.8861904761904762,5.602530479431152,2.430572271347046,0.45440704099996765,2.4305601280000246,,
0,classification,ionosphere,9,BART,AUC,100,None,0.8954761904761905,0.91,7.3235955238342285,3.2182490825653076,0.39469954699995924,3.2182356509999863,,
0,classification,ionosphere,9,BART,AUC,300,None,0.9166666666666667,0.8980952380952382,23.23836660385132,11.00874376296997,1.6765220309999904,11.008208578999984,,
0,classification,ionosphere,9,BART,AUC,500,None,0.9285714285714286,0.8861904761904762,38.312073945999146,16.576087474822998,2.171412538000027,16.575896453999917,,
0,classification,diabetes,0,BART,AUC,10,None,0.6895478705510328,0.6649933065595716,0.7200455665588379,0.14765572547912598,0.07716707899999165,0.14765740999996524,,
0,classification,diabetes,0,BART,AUC,25,None,0.7283186436116531,0.6897590361445783,1.7067320346832275,0.3686180114746094,0.037875711999959094,0.3686125090000587,,
0,classification,diabetes,0,BART,AUC,50,None,0.7256946780596111,0.6962516733601072,3.440483808517456,0.7501242160797119,0.07973256999991918,0.7501206030000276,,
0,classification,diabetes,0,BART,AUC,75,None,0.7393695754558298,0.7068942436412315,5.347824335098267,1.0765981674194336,0.289370837999968,1.0766314819999252,,
0,classification,diabetes,0,BART,AUC,100,None,0.7298156495996772,0.7043507362784471,6.664698123931885,1.4153730869293213,0.2246405409999852,1.4153903530000207,,
0,classification,diabetes,0,BART,AUC,300,None,0.7479815649599677,0.695314591700134,20.738987684249878,4.3874475955963135,0.9023642529999734,4.387479787000075,,
0,classification,diabetes,0,BART,AUC,500,None,0.7506055305120097,0.706425702811245,35.475029706954956,7.484169006347656,1.859124723999912,7.484088545000077,,
0,classification,diabetes,1,BART,AUC,10,None,0.6846868061629551,0.7652610441767068,0.702599287033081,0.14730262756347656,0.05642827600001965,0.1473034190000817,,
0,classification,diabetes,1,BART,AUC,25,None,0.6925587028190808,0.7795850066934404,1.6897428035736084,0.36514949798583984,0.03505107900002713,0.3651399789999914,,
0,classification,diabetes,1,BART,AUC,50,None,0.6959227612191348,0.7663989290495314,3.3251895904541016,0.7482335567474365,0.08456361300000026,0.7482099029999745,,
0,classification,diabetes,1,BART,AUC,75,None,0.7095976586153536,0.763855421686747,5.124608993530273,1.1076180934906006,0.2667583209999975,1.1076305389999561,,
0,classification,diabetes,1,BART,AUC,100,None,0.7041647042992666,0.7582998661311915,6.965675592422485,1.4660418033599854,0.3492928829999755,1.4660355460000574,,
0,classification,diabetes,1,BART,AUC,300,None,0.7034246114512548,0.7744979919678715,20.760244369506836,4.376098155975342,0.9689635140000519,4.376007995000009,,
0,classification,diabetes,1,BART,AUC,500,None,0.7051066406512817,0.7582998661311915,35.04133367538452,7.587351322174072,1.6933400579999898,7.587036772000033,,
0,classification,diabetes,2,BART,AUC,10,None,0.7024658548072394,0.668942436412316,0.7414450645446777,0.1466519832611084,0.059421795000048405,0.1466529700001047,,
0,classification,diabetes,2,BART,AUC,25,None,0.7232557357195721,0.7119812583668005,1.6601684093475342,0.3626549243927002,0.03527346900000339,0.3626453480000009,,
0,classification,diabetes,2,BART,AUC,50,None,0.7395545986678328,0.7034136546184738,3.401829957962036,0.7222745418548584,0.20633222699996168,0.7222394249999979,,
0,classification,diabetes,2,BART,AUC,75,None,0.7459126690439346,0.6897590361445783,5.176275253295898,1.1030418872833252,0.27586205500006145,1.1029939689999537,,
0,classification,diabetes,2,BART,AUC,100,None,0.7256946780596111,0.7175368139223561,6.829748868942261,1.4248440265655518,0.3230943160000379,1.4248359459999165,,
0,classification,diabetes,2,BART,AUC,300,None,0.7507905537240126,0.7004016064257028,21.043930292129517,4.319664716720581,0.8650538460000234,4.319627199000024,,
0,classification,diabetes,2,BART,AUC,500,None,0.7425486106438808,0.7089692101740294,35.19078493118286,7.283658981323242,1.741345911000053,7.283506720000105,,
0,classification,diabetes,3,BART,AUC,10,None,0.7279317768956468,0.7008701472556895,0.7122471332550049,0.15059638023376465,0.05833512599997448,0.15034882099996594,,
0,classification,diabetes,3,BART,AUC,25,None,0.7108928210993744,0.709437751004016,1.757249355316162,0.3715372085571289,0.04238988999998128,0.37154266000004554,,
0,classification,diabetes,3,BART,AUC,50,None,0.729058736459665,0.7038821954484605,3.408975601196289,0.7512540817260742,0.07316792100004932,0.7512557440001046,,
0,classification,diabetes,3,BART,AUC,75,None,0.7460976922559375,0.7175368139223561,5.232931137084961,1.1036171913146973,0.25219683699992856,1.1035911789999773,,
0,classification,diabetes,3,BART,AUC,100,None,0.7253246316356053,0.7170682730923694,6.886678695678711,1.4774785041809082,0.3239486969999916,1.4774755690000347,,
0,classification,diabetes,3,BART,AUC,300,None,0.7344916907757518,0.7175368139223561,21.05054497718811,4.361045598983765,0.9193447779999815,4.36098286999993,,
0,classification,diabetes,3,BART,AUC,500,None,0.7416066742918656,0.7205488621151271,34.49015736579895,7.283212423324585,1.601797882000028,7.28274819000012,,
0,classification,diabetes,4,BART,AUC,10,None,0.6957209177151316,0.703681392235609,0.6966097354888916,0.16084694862365723,0.03602762899981826,0.1608482429999185,,
0,classification,diabetes,4,BART,AUC,25,None,0.7157707057794523,0.7124497991967871,1.750736951828003,0.37923717498779297,0.042985070999975505,0.3792332730001817,,
0,classification,diabetes,4,BART,AUC,50,None,0.7157707057794523,0.7133868808567604,3.6210975646972656,0.7244455814361572,0.423334314000158,0.7244279859999097,,
0,classification,diabetes,4,BART,AUC,75,None,0.7174527349794791,0.7184738955823293,5.109601974487305,1.077864408493042,0.2749219140000605,1.077853430999994,,
0,classification,diabetes,4,BART,AUC,100,None,0.7182096481194913,0.7089692101740294,6.850435018539429,1.4464950561523438,0.29721268900016184,1.4465036819999568,,
0,classification,diabetes,4,BART,AUC,300,None,0.7240126488595843,0.7119812583668005,20.653590202331543,4.460174083709717,0.8205632599999717,4.460082967000062,,
0,classification,diabetes,4,BART,AUC,500,None,0.7182096481194913,0.706425702811245,35.47086310386658,7.252208232879639,1.7026297360000626,7.252147852999997,,
0,classification,diabetes,5,BART,AUC,10,None,0.6901029401870417,0.6330655957161982,0.7121849060058594,0.15133452415466309,0.04453461299999617,0.15135277099989253,,
0,classification,diabetes,5,BART,AUC,25,None,0.7281336203996501,0.6832663989290495,1.7192466259002686,0.3700685501098633,0.038164401999893016,0.3700744099999156,,
0,classification,diabetes,5,BART,AUC,50,None,0.7395545986678328,0.7124497991967871,3.363638162612915,0.7353849411010742,0.07360961099993801,0.7353884889998881,,
0,classification,diabetes,5,BART,AUC,75,None,0.7311276323756979,0.7038821954484605,5.482916355133057,1.0823230743408203,0.5158050099998945,1.082284603000062,,
0,classification,diabetes,5,BART,AUC,100,None,0.727191684047635,0.7068942436412315,6.838085412979126,1.4207568168640137,0.2909938790000979,1.4207892839999658,,
0,classification,diabetes,5,BART,AUC,300,None,0.7425486106438808,0.6892904953145917,20.428114414215088,4.38395881652832,0.7779779410000174,4.383875195999963,,
0,classification,diabetes,5,BART,AUC,500,None,0.7311276323756979,0.7034136546184738,35.651294469833374,7.568904399871826,1.7066902510000546,7.568978168000058,,
0,classification,diabetes,6,BART,AUC,10,None,0.716308955123461,0.6541499330655958,0.6872777938842773,0.14213800430297852,0.04351805300007072,0.14213844799996878,,
0,classification,diabetes,6,BART,AUC,25,None,0.7298156495996772,0.6744979919678715,1.670039415359497,0.3722708225250244,0.03504296899996007,0.3722726910000347,,
0,classification,diabetes,6,BART,AUC,50,None,0.7440456166319047,0.6680053547523427,3.442150831222534,0.7435336112976074,0.07677180099994985,0.7432296009999391,,
0,classification,diabetes,6,BART,AUC,75,None,0.7494785709479918,0.6735609103078982,5.143572092056274,1.109461784362793,0.4329421679999541,1.1094585299999835,,
0,classification,diabetes,6,BART,AUC,100,None,0.7509755769360157,0.6624497991967871,6.827304124832153,1.4553444385528564,0.316087336999999,1.4553432740001426,,
0,classification,diabetes,6,BART,AUC,300,None,0.7466695821839467,0.6649933065595716,20.817102193832397,4.386754035949707,0.8954651930000637,4.385875796999926,,
0,classification,diabetes,6,BART,AUC,500,None,0.7552815716880844,0.6735609103078982,34.920209646224976,7.3320441246032715,1.4600955750001958,7.331627631999936,,
0,classification,diabetes,7,BART,AUC,10,None,0.7005988023952094,0.6749665327978581,0.6978154182434082,0.14392733573913574,0.05486179600006835,0.1439281390000815,,
0,classification,diabetes,7,BART,AUC,25,None,0.7223306196595574,0.7124497991967871,1.7066137790679932,0.36072659492492676,0.14764273099990533,0.3607281670001612,,
0,classification,diabetes,7,BART,AUC,50,None,0.7476115185359617,0.7175368139223561,3.386579751968384,0.7152457237243652,0.13942051699996227,0.715235974000052,,
0,classification,diabetes,7,BART,AUC,75,None,0.7567785776761085,0.7038821954484605,5.002175331115723,1.0960979461669922,0.19452876099990135,1.096074696999949,,
0,classification,diabetes,7,BART,AUC,100,None,0.7481665881719707,0.7124497991967871,6.862651824951172,1.4700109958648682,0.3186535570000615,1.469985317999999,,
0,classification,diabetes,7,BART,AUC,300,None,0.7590324968041445,0.709437751004016,21.160111904144287,4.344743490219116,0.8845892199999525,4.34470844700013,,
0,classification,diabetes,7,BART,AUC,500,None,0.7481665881719707,0.7038821954484605,34.73522686958313,7.22212290763855,1.719744503999891,7.2220102549999865,,
0,classification,diabetes,8,BART,AUC,10,None,0.6962928076431406,0.7124497991967871,0.6915872097015381,0.1432492733001709,0.0541563250001218,0.14324345899990476,,
0,classification,diabetes,8,BART,AUC,25,None,0.7060317567112965,0.756425702811245,1.614501953125,0.36145615577697754,0.03843705100007355,0.3614628469999843,,
0,classification,diabetes,8,BART,AUC,50,None,0.7084706990513355,0.7615127175368139,3.1926941871643066,0.7273435592651367,0.07851963100006287,0.7274417169999197,,
0,classification,diabetes,8,BART,AUC,75,None,0.7112796878153804,0.7499330655957162,5.118058919906616,1.058936357498169,0.38556926499995825,1.0589259569999285,,
0,classification,diabetes,8,BART,AUC,100,None,0.7112796878153804,0.7499330655957162,6.9137122631073,1.4238789081573486,0.29836018099990724,1.4238518350000504,,
0,classification,diabetes,8,BART,AUC,300,None,0.7198916773195182,0.7529451137884873,20.71003794670105,4.285516738891602,0.8035175770000933,4.285449940000035,,
0,classification,diabetes,8,BART,AUC,500,None,0.7281336203996501,0.7494645247657296,34.89160132408142,7.127193212509155,1.5331253209999431,7.127166658000078,,
0,classification,diabetes,9,BART,AUC,10,None,0.7239958285675838,0.6800535475234271,0.706444501876831,0.14356088638305664,0.06243642699996599,0.143554469000037,,
0,classification,diabetes,9,BART,AUC,25,None,0.7331797079997309,0.6735609103078982,1.674804925918579,0.3551957607269287,0.13010840700007975,0.3551986059999308,,
0,classification,diabetes,9,BART,AUC,50,None,0.7421785642198749,0.6872155287817939,3.5003299713134766,0.725531816482544,0.1478543289999834,0.7255301269999563,,
0,classification,diabetes,9,BART,AUC,75,None,0.7506055305120097,0.6897590361445783,5.076562881469727,1.0736660957336426,0.205064855000046,1.0736700999998448,,
0,classification,diabetes,9,BART,AUC,100,None,0.7654073874722466,0.6691432396251674,6.774839162826538,1.4241564273834229,0.30556547300011516,1.4241356449999785,,
0,classification,diabetes,9,BART,AUC,300,None,0.7575354908161205,0.6786479250334673,20.947722911834717,4.262604475021362,0.8747728799999095,4.262614724000059,,
0,classification,diabetes,9,BART,AUC,500,None,0.7592175200161474,0.6761044176706827,34.93884491920471,7.5269293785095215,1.6695520709999983,7.5260869549999825,,
0,classification,german-credit,0,BART,AUC,10,None,0.5392703862660945,0.5621794871794872,0.9421188831329346,0.32448267936706543,0.07636557999990146,0.3244724179999139,,
0,classification,german-credit,0,BART,AUC,25,None,0.5967596566523605,0.5850854700854701,1.9990484714508057,0.7290103435516357,0.06617390899987186,0.7289980380000998,,
0,classification,german-credit,0,BART,AUC,50,None,0.6049678111587983,0.6008119658119658,3.825793504714966,1.476259708404541,0.1071467169999778,1.4762543990000268,,
0,classification,german-credit,0,BART,AUC,75,None,0.5842596566523606,0.6100854700854701,5.9743828773498535,2.2577826976776123,0.444406213000093,2.2577917409998918,,
0,classification,german-credit,0,BART,AUC,100,None,0.5956866952789699,0.627948717948718,8.512336015701294,2.8619308471679688,0.5352402739999889,2.8618585239998993,,
0,classification,german-credit,0,BART,AUC,300,None,0.6117489270386266,0.6286752136752136,23.979689598083496,8.628338098526001,1.2283465200000592,8.628288955000016,,
0,classification,german-credit,0,BART,AUC,500,None,0.6242489270386267,0.6422649572649572,39.48136520385742,14.865660667419434,2.139885110000023,14.865521092000108,,
0,classification,german-credit,1,BART,AUC,10,None,0.5299785407725321,0.5657692307692308,0.7985363006591797,0.30301833152770996,0.043453971999952046,0.3030116319998797,,
0,classification,german-credit,1,BART,AUC,25,None,0.6453218884120171,0.6094017094017095,2.3420767784118652,0.7472248077392578,0.45286032099988915,0.747205681999958,,
0,classification,german-credit,1,BART,AUC,50,None,0.5999785407725322,0.5872222222222222,4.095296621322632,1.4645576477050781,0.23515325200014559,1.4645221260000199,,
0,classification,german-credit,1,BART,AUC,75,None,0.5996244635193133,0.6000427350427351,5.80372428894043,2.1774935722351074,0.3629545080000298,2.177382940000143,,
0,classification,german-credit,1,BART,AUC,100,None,0.6413948497854077,0.6051282051282052,7.95973801612854,2.889955759048462,0.41585764499996003,2.889823492000005,,
0,classification,german-credit,1,BART,AUC,300,None,0.6371137339055793,0.6286752136752136,24.03321671485901,8.593202590942383,1.3102646060001462,8.593115355000009,,
0,classification,german-credit,1,BART,AUC,500,None,0.6388948497854077,0.6194017094017094,40.09618067741394,14.604700803756714,2.0554075919999377,14.60447063200013,,
0,classification,german-credit,2,BART,AUC,10,None,0.5160622317596566,0.515,0.8281278610229492,0.2963719367980957,0.10240172799990432,0.2963781299999937,,
0,classification,german-credit,2,BART,AUC,25,None,0.5714055793991417,0.5743589743589743,2.004664421081543,0.7196893692016602,0.20640287600008378,0.7196656440000879,,
0,classification,german-credit,2,BART,AUC,50,None,0.61318669527897,0.5836324786324787,4.212257385253906,1.4772038459777832,0.2584300880000683,1.4770716089999496,,
0,classification,german-credit,2,BART,AUC,75,None,0.5849785407725321,0.5743589743589743,5.949618101119995,2.1547324657440186,0.3834964940001555,2.1547145729998647,,
0,classification,german-credit,2,BART,AUC,100,None,0.5821137339055793,0.5636324786324787,7.892983913421631,2.8154709339141846,0.4138401200000317,2.8154781420000745,,
0,classification,german-credit,2,BART,AUC,300,None,0.6271030042918455,0.612948717948718,23.79877519607544,8.499238729476929,1.4466104910000013,8.499225629999955,,
0,classification,german-credit,2,BART,AUC,500,None,0.6296030042918455,0.6122222222222222,39.596678018569946,14.408270597457886,2.363685972999974,14.40806856800009,,
0,classification,german-credit,3,BART,AUC,10,None,0.6106974248927038,0.5714957264957264,0.9227392673492432,0.3010585308074951,0.11094649999995454,0.3010623510001551,,
0,classification,german-credit,3,BART,AUC,25,None,0.602832618025751,0.5672222222222222,2.0035147666931152,0.7175798416137695,0.07446071100002882,0.7175603240000328,,
0,classification,german-credit,3,BART,AUC,50,None,0.6335407725321889,0.6022649572649572,4.144219398498535,1.469564437866211,0.16084292300001835,1.469527257999971,,
0,classification,german-credit,3,BART,AUC,75,None,0.6521137339055794,0.6151282051282051,6.793586015701294,2.2268757820129395,0.5452790259998892,2.2268295630001376,,
0,classification,german-credit,3,BART,AUC,100,None,0.6613948497854077,0.5923076923076923,7.851252555847168,2.842717409133911,0.47417537799992715,2.842701358999875,,
0,classification,german-credit,3,BART,AUC,300,None,0.640332618025751,0.6029914529914531,23.59454035758972,8.6575026512146,1.3872831460000725,8.65748017299984,,
0,classification,german-credit,3,BART,AUC,500,None,0.6703326180257511,0.6229914529914529,39.811455488204956,14.929912805557251,2.248034321999967,14.92989749100002,,
0,classification,german-credit,4,BART,AUC,10,None,0.5606974248927039,0.5486324786324787,0.8097686767578125,0.30191612243652344,0.07100693900019905,0.30191671200009296,,
0,classification,german-credit,4,BART,AUC,25,None,0.5667703862660944,0.5621794871794872,1.9142727851867676,0.7536323070526123,0.06642741900009241,0.7536493339998742,,
0,classification,german-credit,4,BART,AUC,50,None,0.5867596566523605,0.5757692307692308,3.8109631538391113,1.4575035572052002,0.11610215499990773,1.4575260640001488,,
0,classification,german-credit,4,BART,AUC,75,None,0.5756866952789699,0.5700854700854701,6.227960586547852,2.325920581817627,0.4533292319999873,2.3258783490000496,,
0,classification,german-credit,4,BART,AUC,100,None,0.6185407725321889,0.5900854700854701,8.09527325630188,2.9288556575775146,0.4549147019999964,2.9288863029998993,,
0,classification,german-credit,4,BART,AUC,300,None,0.6378111587982833,0.6108119658119658,24.37081003189087,8.595749855041504,1.3372472700000344,8.595783415999904,,
0,classification,german-credit,4,BART,AUC,500,None,0.626030042918455,0.597948717948718,40.5198392868042,14.788322925567627,2.3193691470000886,14.787784891000001,,
0,classification,german-credit,5,BART,AUC,10,None,0.5471244635193133,0.5157692307692308,0.8575005531311035,0.3165762424468994,0.09127161599985811,0.3165430760000163,,
0,classification,german-credit,5,BART,AUC,25,None,0.5867703862660943,0.545042735042735,1.8903896808624268,0.7223467826843262,0.07187543899999582,0.7223487760002172,,
0,classification,german-credit,5,BART,AUC,50,None,0.6292596566523605,0.5772222222222222,4.028721809387207,1.4400289058685303,0.13395067400006155,1.4400501700001769,,
0,classification,german-credit,5,BART,AUC,75,None,0.6424678111587983,0.5950854700854701,6.024679899215698,2.1694233417510986,0.5281322319999617,2.1693654069999866,,
0,classification,german-credit,5,BART,AUC,100,None,0.6371137339055793,0.5658119658119658,8.4434175491333,2.9039924144744873,0.46755441100003736,2.9039502559999164,,
0,classification,german-credit,5,BART,AUC,300,None,0.6592596566523605,0.6058119658119658,24.12495231628418,8.924342155456543,1.390012693000017,8.924296214999913,,
0,classification,german-credit,5,BART,AUC,500,None,0.6556866952789699,0.6000854700854701,40.00640869140625,14.900233030319214,2.316668359999994,14.900182791999896,,
0,classification,german-credit,6,BART,AUC,10,None,0.5549892703862661,0.5485897435897436,0.8425073623657227,0.3057270050048828,0.08097915300004388,0.3057323230000293,,
0,classification,german-credit,6,BART,AUC,25,None,0.5578326180257511,0.5593162393162393,2.00687837600708,0.7569828033447266,0.17696424999985538,0.7570481550001205,,
0,classification,german-credit,6,BART,AUC,50,None,0.5921137339055794,0.6207692307692307,3.8969407081604004,1.4472734928131104,0.2098718340000687,1.4472923920000085,,
0,classification,german-credit,6,BART,AUC,75,None,0.6153218884120172,0.5993589743589743,6.078752756118774,2.2073185443878174,0.36613056000010147,2.2073017279999476,,
0,classification,german-credit,6,BART,AUC,100,None,0.613175965665236,0.6114957264957265,8.208456039428711,3.002711534500122,0.4848665509998682,3.0023618320001333,,
0,classification,german-credit,6,BART,AUC,300,None,0.6153218884120172,0.6072222222222222,23.932902574539185,8.578164100646973,1.3270958059999884,8.578249960999983,,
0,classification,german-credit,6,BART,AUC,500,None,0.6306759656652361,0.6208119658119658,40.57011961936951,14.37555193901062,2.296573237999837,14.375773759999902,,
0,classification,german-credit,7,BART,AUC,10,None,0.5814055793991416,0.5443589743589743,0.8278172016143799,0.29112792015075684,0.08667085299998689,0.2911239590000605,,
0,classification,german-credit,7,BART,AUC,25,None,0.61818669527897,0.5972222222222222,1.9329721927642822,0.7180366516113281,0.06503319700004795,0.7180413349999526,,
0,classification,german-credit,7,BART,AUC,50,None,0.6203218884120172,0.5943589743589743,4.2985405921936035,1.4203555583953857,0.14064114000007066,1.4203237050001007,,
0,classification,german-credit,7,BART,AUC,75,None,0.6142489270386267,0.5800854700854701,6.217486143112183,2.1474010944366455,0.5150064710001061,2.1474173609999525,,
0,classification,german-credit,7,BART,AUC,100,None,0.6310407725321889,0.6022222222222222,8.260309219360352,3.2161803245544434,0.49117557199997464,3.216134170000032,,
0,classification,german-credit,7,BART,AUC,300,None,0.6549570815450644,0.6429487179487179,24.62466335296631,8.96497106552124,1.417394474000048,8.963500906000036,,
0,classification,german-credit,7,BART,AUC,500,None,0.6463841201716738,0.627948717948718,39.65709710121155,14.392916679382324,2.31161669800008,14.392869743999881,,
0,classification,german-credit,8,BART,AUC,10,None,0.5210622317596567,0.5085897435897436,0.8270928859710693,0.3117868900299072,0.08394785300015428,0.3117915240000002,,
0,classification,german-credit,8,BART,AUC,25,None,0.5667596566523606,0.5664957264957265,1.9041337966918945,0.7212185859680176,0.06806904600011876,0.7212040060001073,,
0,classification,german-credit,8,BART,AUC,50,None,0.6221137339055793,0.5822222222222222,3.8855113983154297,1.4380130767822266,0.25263564900001256,1.4380260990001261,,
0,classification,german-credit,8,BART,AUC,75,None,0.6142596566523606,0.5729487179487179,5.90352463722229,2.148591995239258,0.3575223369998639,2.148608741000089,,
0,classification,german-credit,8,BART,AUC,100,None,0.605332618025751,0.5750854700854701,7.886764287948608,2.8705086708068848,0.44588363000002573,2.870505795999861,,
0,classification,german-credit,8,BART,AUC,300,None,0.6510407725321888,0.5801282051282051,24.56437087059021,8.7360258102417,1.2951645009998174,8.735924323000063,,
0,classification,german-credit,8,BART,AUC,500,None,0.6460407725321888,0.5901282051282051,40.18329095840454,14.351383924484253,2.1922652779999225,14.35149767400003,,
0,classification,german-credit,9,BART,AUC,10,None,0.580343347639485,0.5464957264957264,0.8539645671844482,0.2944674491882324,0.07877783000003546,0.2944724589999623,,
0,classification,german-credit,9,BART,AUC,25,None,0.6214055793991416,0.5486324786324787,1.8668851852416992,0.7188169956207275,0.06298356799993599,0.7188172549999763,,
0,classification,german-credit,9,BART,AUC,50,None,0.6267596566523606,0.5843589743589743,3.8284761905670166,1.4691145420074463,0.1576305629998842,1.469117458000028,,
0,classification,german-credit,9,BART,AUC,75,None,0.6596137339055794,0.587948717948718,6.0526487827301025,2.1322953701019287,0.4385691869999846,2.1323304170000483,,
0,classification,german-credit,9,BART,AUC,100,None,0.6538841201716739,0.5994017094017094,8.166516065597534,2.8287272453308105,0.46745691599994643,2.8287466650001534,,
0,classification,german-credit,9,BART,AUC,300,None,0.6817489270386266,0.6244017094017094,24.71949338912964,8.752980947494507,1.3446808639998835,8.75282598800004,,
0,classification,german-credit,9,BART,AUC,500,None,0.6760300429184549,0.6215384615384616,40.42774963378906,14.667985916137695,2.3434706010000355,14.66789312900005,,
0,classification,juvenile,0,BART,AUC,10,None,0.6643981040983895,0.6811946553968468,3.924407720565796,6.958688497543335,0.446649761000117,6.9587220830001115,,
0,classification,juvenile,0,BART,AUC,25,None,0.6550228471414643,0.646500849322585,9.236765384674072,15.084949731826782,1.0730119209999884,15.084848442000066,,
0,classification,juvenile,0,BART,AUC,50,None,0.6744869671447534,0.6722052617139388,17.91275644302368,29.45985984802246,1.8138480600000548,29.45902282199995,,
0,classification,juvenile,0,BART,AUC,75,None,0.674608838143567,0.6649057572980451,26.231977224349976,43.52667212486267,2.8979727129999446,43.526289057999975,,
0,classification,juvenile,0,BART,AUC,100,None,0.6805438089532603,0.6823591904875871,35.63830924034119,58.16439485549927,3.483439510000153,58.16119576899996,,
